publishedAt,title,description,source,url,text,sentiment_compound
2025-06-21 09:52:54+00:00,Alphabet Inc. (NASDAQ:GOOGL) Shares Acquired by State of Alaska Department of Revenue,"State of Alaska Department of Revenue lifted its holdings in shares of Alphabet Inc. (NASDAQ:GOOGL – Free Report) by 2.3% in the 1st quarter, according to the company in its most recent 13F filing with the Securities and Exchange Commission (SEC). The firm ow…","{'id': None, 'name': 'ETF Daily News'}",https://www.etfdailynews.com/2025/06/21/alphabet-inc-nasdaqgoogl-shares-acquired-by-state-of-alaska-department-of-revenue/,"Alphabet Inc. (NASDAQ:GOOGL) Shares Acquired by State of Alaska Department of Revenue State of Alaska Department of Revenue lifted its holdings in shares of Alphabet Inc. (NASDAQ:GOOGL – Free Report) by 2.3% in the 1st quarter, according to the company in its most recent 13F filing with the Securities and Exchange Commission (SEC). The firm ow…",0.836
2025-06-21 09:10:58+00:00,Barrett & Company Inc. Cuts Stock Position in Alphabet Inc. (NASDAQ:GOOGL),"Barrett & Company Inc. lowered its stake in Alphabet Inc. (NASDAQ:GOOGL – Free Report) by 1.6% during the 1st quarter, according to its most recent filing with the Securities & Exchange Commission. The fund owned 9,077 shares of the information services provi…","{'id': None, 'name': 'ETF Daily News'}",https://www.etfdailynews.com/2025/06/21/barrett-company-inc-cuts-stock-position-in-alphabet-inc-nasdaqgoogl/,"Barrett & Company Inc. Cuts Stock Position in Alphabet Inc. (NASDAQ:GOOGL) Barrett & Company Inc. lowered its stake in Alphabet Inc. (NASDAQ:GOOGL – Free Report) by 1.6% during the 1st quarter, according to its most recent filing with the Securities & Exchange Commission. The fund owned 9,077 shares of the information services provi…",0.6124
2025-06-21 09:10:56+00:00,Analyst IMS Investment Management Services Ltd. Trims Stake in Alphabet Inc. (NASDAQ:GOOGL),"Analyst IMS Investment Management Services Ltd. cut its stake in shares of Alphabet Inc. (NASDAQ:GOOGL – Free Report) by 14.4% during the first quarter, according to the company in its most recent Form 13F filing with the SEC. The firm owned 11,235 shares of …","{'id': None, 'name': 'ETF Daily News'}",https://www.etfdailynews.com/2025/06/21/analyst-ims-investment-management-services-ltd-trims-stake-in-alphabet-inc-nasdaqgoogl/,"Analyst IMS Investment Management Services Ltd. Trims Stake in Alphabet Inc. (NASDAQ:GOOGL) Analyst IMS Investment Management Services Ltd. cut its stake in shares of Alphabet Inc. (NASDAQ:GOOGL – Free Report) by 14.4% during the first quarter, according to the company in its most recent Form 13F filing with the SEC. The firm owned 11,235 shares of …",0.6808
2025-06-21 09:10:56+00:00,"CWA Asset Management Group LLC Purchases 18,161 Shares of Alphabet Inc. (NASDAQ:GOOGL)","CWA Asset Management Group LLC grew its position in Alphabet Inc. (NASDAQ:GOOGL – Free Report) by 18.1% during the first quarter, according to its most recent 13F filing with the SEC. The institutional investor owned 118,628 shares of the information services…","{'id': None, 'name': 'ETF Daily News'}",https://www.etfdailynews.com/2025/06/21/cwa-asset-management-group-llc-purchases-18161-shares-of-alphabet-inc-nasdaqgoogl/,"CWA Asset Management Group LLC Purchases 18,161 Shares of Alphabet Inc. (NASDAQ:GOOGL) CWA Asset Management Group LLC grew its position in Alphabet Inc. (NASDAQ:GOOGL – Free Report) by 18.1% during the first quarter, according to its most recent 13F filing with the SEC. The institutional investor owned 118,628 shares of the information services…",0.8934
2025-06-21 09:10:55+00:00,"LifeWealth Investments LLC Buys 3,462 Shares of Alphabet Inc. (NASDAQ:GOOGL)","LifeWealth Investments LLC lifted its stake in Alphabet Inc. (NASDAQ:GOOGL – Free Report) by 52.0% during the 1st quarter, according to its most recent disclosure with the Securities & Exchange Commission. The firm owned 10,123 shares of the information servi…","{'id': None, 'name': 'ETF Daily News'}",https://www.etfdailynews.com/2025/06/21/lifewealth-investments-llc-buys-3462-shares-of-alphabet-inc-nasdaqgoogl/,"LifeWealth Investments LLC Buys 3,462 Shares of Alphabet Inc. (NASDAQ:GOOGL) LifeWealth Investments LLC lifted its stake in Alphabet Inc. (NASDAQ:GOOGL – Free Report) by 52.0% during the 1st quarter, according to its most recent disclosure with the Securities & Exchange Commission. The firm owned 10,123 shares of the information servi…",0.836
2025-06-21 09:10:54+00:00,Marino Stram & Associates LLC Grows Stock Holdings in Alphabet Inc. (NASDAQ:GOOGL),"Marino Stram & Associates LLC boosted its holdings in Alphabet Inc. (NASDAQ:GOOGL – Free Report) by 1.0% in the first quarter, according to its most recent 13F filing with the Securities and Exchange Commission. The institutional investor owned 10,777 shares …","{'id': None, 'name': 'ETF Daily News'}",https://www.etfdailynews.com/2025/06/21/marino-stram-associates-llc-grows-stock-holdings-in-alphabet-inc-nasdaqgoogl/,"Marino Stram & Associates LLC Grows Stock Holdings in Alphabet Inc. (NASDAQ:GOOGL) Marino Stram & Associates LLC boosted its holdings in Alphabet Inc. (NASDAQ:GOOGL – Free Report) by 1.0% in the first quarter, according to its most recent 13F filing with the Securities and Exchange Commission. The institutional investor owned 10,777 shares …",0.8481
2025-06-21 09:10:53+00:00,Dunhill Financial LLC Raises Stake in Alphabet Inc. (NASDAQ:GOOGL),"Dunhill Financial LLC boosted its holdings in shares of Alphabet Inc. (NASDAQ:GOOGL – Free Report) by 7.2% during the 1st quarter, HoldingsChannel reports. The firm owned 8,131 shares of the information services provider’s stock after purchasing an additional…","{'id': None, 'name': 'ETF Daily News'}",https://www.etfdailynews.com/2025/06/21/dunhill-financial-llc-raises-stake-in-alphabet-inc-nasdaqgoogl/,"Dunhill Financial LLC Raises Stake in Alphabet Inc. (NASDAQ:GOOGL) Dunhill Financial LLC boosted its holdings in shares of Alphabet Inc. (NASDAQ:GOOGL – Free Report) by 7.2% during the 1st quarter, HoldingsChannel reports. The firm owned 8,131 shares of the information services provider’s stock after purchasing an additional…",0.8481
2025-06-21 08:39:06+00:00,Mayfair Advisory Group LLC Sells 71 Shares of Alphabet Inc. (NASDAQ:GOOGL),"Mayfair Advisory Group LLC cut its holdings in shares of Alphabet Inc. (NASDAQ:GOOGL – Free Report) by 2.5% during the first quarter, Holdings Channel reports. The fund owned 2,742 shares of the information services provider’s stock after selling 71 shares du…","{'id': None, 'name': 'ETF Daily News'}",https://www.etfdailynews.com/2025/06/21/mayfair-advisory-group-llc-sells-71-shares-of-alphabet-inc-nasdaqgoogl/,"Mayfair Advisory Group LLC Sells 71 Shares of Alphabet Inc. (NASDAQ:GOOGL) Mayfair Advisory Group LLC cut its holdings in shares of Alphabet Inc. (NASDAQ:GOOGL – Free Report) by 2.5% during the first quarter, Holdings Channel reports. The fund owned 2,742 shares of the information services provider’s stock after selling 71 shares du…",0.8402
2025-06-21 08:39:04+00:00,Hoge Financial Services LLC Purchases 243 Shares of Alphabet Inc. (NASDAQ:GOOGL),"Hoge Financial Services LLC lifted its position in shares of Alphabet Inc. (NASDAQ:GOOGL – Free Report) by 11.6% during the 1st quarter, according to its most recent disclosure with the Securities & Exchange Commission. The institutional investor owned 2,343 …","{'id': None, 'name': 'ETF Daily News'}",https://www.etfdailynews.com/2025/06/21/hoge-financial-services-llc-purchases-243-shares-of-alphabet-inc-nasdaqgoogl/,"Hoge Financial Services LLC Purchases 243 Shares of Alphabet Inc. (NASDAQ:GOOGL) Hoge Financial Services LLC lifted its position in shares of Alphabet Inc. (NASDAQ:GOOGL – Free Report) by 11.6% during the 1st quarter, according to its most recent disclosure with the Securities & Exchange Commission. The institutional investor owned 2,343 …",0.836
2025-06-21 08:39:03+00:00,Pegasus Asset Management Inc. Cuts Stock Position in Alphabet Inc. (NASDAQ:GOOGL),"Pegasus Asset Management Inc. cut its holdings in Alphabet Inc. (NASDAQ:GOOGL – Free Report) by 2.5% in the first quarter, according to the company in its most recent disclosure with the SEC. The institutional investor owned 4,635 shares of the information se…","{'id': None, 'name': 'ETF Daily News'}",https://www.etfdailynews.com/2025/06/21/pegasus-asset-management-inc-cuts-stock-position-in-alphabet-inc-nasdaqgoogl/,"Pegasus Asset Management Inc. Cuts Stock Position in Alphabet Inc. (NASDAQ:GOOGL) Pegasus Asset Management Inc. cut its holdings in Alphabet Inc. (NASDAQ:GOOGL – Free Report) by 2.5% in the first quarter, according to the company in its most recent disclosure with the SEC. The institutional investor owned 4,635 shares of the information se…",0.7351
2025-06-21 08:39:02+00:00,Essex Savings Bank Sells 349 Shares of Alphabet Inc. (NASDAQ:GOOGL),"Essex Savings Bank lowered its holdings in shares of Alphabet Inc. (NASDAQ:GOOGL – Free Report) by 1.3% in the 1st quarter, according to its most recent disclosure with the SEC. The fund owned 25,610 shares of the information services provider’s stock after s…","{'id': None, 'name': 'ETF Daily News'}",https://www.etfdailynews.com/2025/06/21/essex-savings-bank-sells-349-shares-of-alphabet-inc-nasdaqgoogl/,"Essex Savings Bank Sells 349 Shares of Alphabet Inc. (NASDAQ:GOOGL) Essex Savings Bank lowered its holdings in shares of Alphabet Inc. (NASDAQ:GOOGL – Free Report) by 1.3% in the 1st quarter, according to its most recent disclosure with the SEC. The fund owned 25,610 shares of the information services provider’s stock after s…",0.8126
2025-06-21 08:39:00+00:00,Alphabet Inc. (NASDAQ:GOOGL) Shares Sold by Puzo Michael J,"Puzo Michael J lowered its position in shares of Alphabet Inc. (NASDAQ:GOOGL – Free Report) by 1.3% during the 1st quarter, according to the company in its most recent filing with the Securities & Exchange Commission. The institutional investor owned 93,345 s…","{'id': None, 'name': 'ETF Daily News'}",https://www.etfdailynews.com/2025/06/21/alphabet-inc-nasdaqgoogl-shares-sold-by-puzo-michael-j/,"Alphabet Inc. (NASDAQ:GOOGL) Shares Sold by Puzo Michael J Puzo Michael J lowered its position in shares of Alphabet Inc. (NASDAQ:GOOGL – Free Report) by 1.3% during the 1st quarter, according to the company in its most recent filing with the Securities & Exchange Commission. The institutional investor owned 93,345 s…",0.8126
2025-06-21 08:38:59+00:00,Financial Partners Group LLC Has $11.74 Million Stock Holdings in Alphabet Inc. (NASDAQ:GOOGL),"Financial Partners Group LLC reduced its position in Alphabet Inc. (NASDAQ:GOOGL – Free Report) by 2.4% in the first quarter, according to the company in its most recent Form 13F filing with the Securities and Exchange Commission (SEC). The firm owned 75,901 …","{'id': None, 'name': 'ETF Daily News'}",https://www.etfdailynews.com/2025/06/21/financial-partners-group-llc-has-11-74-million-stock-holdings-in-alphabet-inc-nasdaqgoogl/,"Financial Partners Group LLC Has $11.74 Million Stock Holdings in Alphabet Inc. (NASDAQ:GOOGL) Financial Partners Group LLC reduced its position in Alphabet Inc. (NASDAQ:GOOGL – Free Report) by 2.4% in the first quarter, according to the company in its most recent Form 13F filing with the Securities and Exchange Commission (SEC). The firm owned 75,901 …",0.6705
2025-06-21 08:38:57+00:00,MN Wealth Advisors LLC Cuts Holdings in Alphabet Inc. (NASDAQ:GOOGL),"MN Wealth Advisors LLC trimmed its holdings in shares of Alphabet Inc. (NASDAQ:GOOGL – Free Report) by 1.0% during the 1st quarter, according to the company in its most recent filing with the Securities and Exchange Commission. The fund owned 8,044 shares of …","{'id': None, 'name': 'ETF Daily News'}",https://www.etfdailynews.com/2025/06/21/mn-wealth-advisors-llc-cuts-holdings-in-alphabet-inc-nasdaqgoogl/,"MN Wealth Advisors LLC Cuts Holdings in Alphabet Inc. (NASDAQ:GOOGL) MN Wealth Advisors LLC trimmed its holdings in shares of Alphabet Inc. (NASDAQ:GOOGL – Free Report) by 1.0% during the 1st quarter, according to the company in its most recent filing with the Securities and Exchange Commission. The fund owned 8,044 shares of …",0.9201
2025-06-21 08:38:54+00:00,Wolf Group Capital Advisors Sells 155 Shares of Alphabet Inc. (NASDAQ:GOOGL),"Wolf Group Capital Advisors decreased its position in Alphabet Inc. (NASDAQ:GOOGL – Free Report) by 0.8% during the 1st quarter, Holdings Channel.com reports. The firm owned 20,401 shares of the information services provider’s stock after selling 155 shares d…","{'id': None, 'name': 'ETF Daily News'}",https://www.etfdailynews.com/2025/06/21/wolf-group-capital-advisors-sells-155-shares-of-alphabet-inc-nasdaqgoogl/,"Wolf Group Capital Advisors Sells 155 Shares of Alphabet Inc. (NASDAQ:GOOGL) Wolf Group Capital Advisors decreased its position in Alphabet Inc. (NASDAQ:GOOGL – Free Report) by 0.8% during the 1st quarter, Holdings Channel.com reports. The firm owned 20,401 shares of the information services provider’s stock after selling 155 shares d…",0.836
2025-06-21 08:38:53+00:00,Wells Trecaso Financial Group LLC Has $11 Million Stock Position in Alphabet Inc. (NASDAQ:GOOGL),"Wells Trecaso Financial Group LLC boosted its holdings in shares of Alphabet Inc. (NASDAQ:GOOGL – Free Report) by 0.9% in the first quarter, according to its most recent filing with the SEC. The firm owned 71,147 shares of the information services provider’s …","{'id': None, 'name': 'ETF Daily News'}",https://www.etfdailynews.com/2025/06/21/wells-trecaso-financial-group-llc-has-11-million-stock-position-in-alphabet-inc-nasdaqgoogl/,"Wells Trecaso Financial Group LLC Has $11 Million Stock Position in Alphabet Inc. (NASDAQ:GOOGL) Wells Trecaso Financial Group LLC boosted its holdings in shares of Alphabet Inc. (NASDAQ:GOOGL – Free Report) by 0.9% in the first quarter, according to its most recent filing with the SEC. The firm owned 71,147 shares of the information services provider’s …",0.9042
2025-06-21 08:07:22+00:00,Alphabet Inc. (NASDAQ:GOOGL) Stake Increased by Accelerate Investment Advisors LLC,"Accelerate Investment Advisors LLC grew its holdings in Alphabet Inc. (NASDAQ:GOOGL – Free Report) by 14.8% in the first quarter, according to its most recent Form 13F filing with the Securities & Exchange Commission. The institutional investor owned 3,141 sh…","{'id': None, 'name': 'ETF Daily News'}",https://www.etfdailynews.com/2025/06/21/alphabet-inc-nasdaqgoogl-stake-increased-by-accelerate-investment-advisors-llc/,"Alphabet Inc. (NASDAQ:GOOGL) Stake Increased by Accelerate Investment Advisors LLC Accelerate Investment Advisors LLC grew its holdings in Alphabet Inc. (NASDAQ:GOOGL – Free Report) by 14.8% in the first quarter, according to its most recent Form 13F filing with the Securities & Exchange Commission. The institutional investor owned 3,141 sh…",0.765
2025-06-21 08:07:13+00:00,Alphabet Inc. (NASDAQ:GOOGL) Shares Purchased by Kingswood Wealth Advisors LLC,"Kingswood Wealth Advisors LLC boosted its holdings in Alphabet Inc. (NASDAQ:GOOGL – Free Report) by 287.0% in the 1st quarter, according to its most recent disclosure with the Securities and Exchange Commission. The fund owned 229,674 shares of the informatio…","{'id': None, 'name': 'ETF Daily News'}",https://www.etfdailynews.com/2025/06/21/alphabet-inc-nasdaqgoogl-shares-purchased-by-kingswood-wealth-advisors-llc/,"Alphabet Inc. (NASDAQ:GOOGL) Shares Purchased by Kingswood Wealth Advisors LLC Kingswood Wealth Advisors LLC boosted its holdings in Alphabet Inc. (NASDAQ:GOOGL – Free Report) by 287.0% in the 1st quarter, according to its most recent disclosure with the Securities and Exchange Commission. The fund owned 229,674 shares of the informatio…",0.9501
2025-06-21 05:41:32+00:00,Why Alphabet Stock Flopped on Friday,"Alphabet (GOOG -3.68%) (GOOGL -3.89%) stock didn't finish the trading week on a high note. The Google parent company's two listed shares both sank by nearly 4% in price that day, thanks in no small part to a development on the regulatory front. Those declines…","{'id': None, 'name': 'Biztoc.com'}",https://biztoc.com/x/a167a43dc914bbc4,"Why Alphabet Stock Flopped on Friday Alphabet (GOOG -3.68%) (GOOGL -3.89%) stock didn't finish the trading week on a high note. The Google parent company's two listed shares both sank by nearly 4% in price that day, thanks in no small part to a development on the regulatory front. Those declines…",0.4404
2025-06-20 09:18:52+00:00,Berkshire Bank Has $10.17 Million Position in Alphabet Inc. (NASDAQ:GOOGL),"Berkshire Bank lowered its stake in shares of Alphabet Inc. (NASDAQ:GOOGL – Free Report) by 4.2% during the first quarter, according to the company in its most recent filing with the Securities & Exchange Commission. The institutional investor owned 65,784 sh…","{'id': None, 'name': 'ETF Daily News'}",https://www.etfdailynews.com/2025/06/20/berkshire-bank-has-10-17-million-position-in-alphabet-inc-nasdaqgoogl/,"Berkshire Bank Has $10.17 Million Position in Alphabet Inc. (NASDAQ:GOOGL) Berkshire Bank lowered its stake in shares of Alphabet Inc. (NASDAQ:GOOGL – Free Report) by 4.2% during the first quarter, according to the company in its most recent filing with the Securities & Exchange Commission. The institutional investor owned 65,784 sh…",0.7351
2025-06-19 16:48:51+00:00,GOOY’s 35% Yield on Google Worth Buying Into?,"Key Points in This Article:
 
 
 
 
YieldMax GOOGL Option Income Strategy ETF‘s (GOOY) 35% yield, driven by selling call options on Alphabet, attracts income-focused investors leveraging tech volatility in June 2025’s uncertain market. 
 
 
 
Its synthetic co…","{'id': None, 'name': 'Biztoc.com'}",https://biztoc.com/x/e8b4f38b8381c605,"GOOY’s 35% Yield on Google Worth Buying Into? Key Points in This Article:
 
 
 
 
YieldMax GOOGL Option Income Strategy ETF‘s (GOOY) 35% yield, driven by selling call options on Alphabet, attracts income-focused investors leveraging tech volatility in June 2025’s uncertain market. 
 
 
 
Its synthetic co…",0.34
2025-06-19 09:36:51+00:00,"Sagespring Wealth Partners LLC Purchases 6,964 Shares of Alphabet Inc. (NASDAQ:GOOGL)","Sagespring Wealth Partners LLC boosted its position in Alphabet Inc. (NASDAQ:GOOGL – Free Report) by 12.2% during the 1st quarter, according to the company in its most recent disclosure with the Securities & Exchange Commission. The fund owned 64,133 shares o…","{'id': None, 'name': 'ETF Daily News'}",https://www.etfdailynews.com/2025/06/19/sagespring-wealth-partners-llc-purchases-6964-shares-of-alphabet-inc-nasdaqgoogl/,"Sagespring Wealth Partners LLC Purchases 6,964 Shares of Alphabet Inc. (NASDAQ:GOOGL) Sagespring Wealth Partners LLC boosted its position in Alphabet Inc. (NASDAQ:GOOGL – Free Report) by 12.2% during the 1st quarter, according to the company in its most recent disclosure with the Securities & Exchange Commission. The fund owned 64,133 shares o…",0.9501
2025-06-18 09:29:03+00:00,Trust Point Inc. Has $5.95 Million Position in Alphabet Inc. (NASDAQ:GOOGL),"Trust Point Inc. decreased its stake in Alphabet Inc. (NASDAQ:GOOGL – Free Report) by 27.4% in the 1st quarter, HoldingsChannel reports. The institutional investor owned 38,450 shares of the information services provider’s stock after selling 14,488 shares du…","{'id': None, 'name': 'ETF Daily News'}",https://www.etfdailynews.com/2025/06/18/trust-point-inc-has-5-95-million-position-in-alphabet-inc-nasdaqgoogl/,"Trust Point Inc. Has $5.95 Million Position in Alphabet Inc. (NASDAQ:GOOGL) Trust Point Inc. decreased its stake in Alphabet Inc. (NASDAQ:GOOGL – Free Report) by 27.4% in the 1st quarter, HoldingsChannel reports. The institutional investor owned 38,450 shares of the information services provider’s stock after selling 14,488 shares du…",0.9231
2025-06-18 08:45:03+00:00,Christensen King & Associates Investment Services Inc. Sells 103 Shares of Alphabet Inc. (NASDAQ:GOOGL),"Christensen King & Associates Investment Services Inc. cut its position in shares of Alphabet Inc. (NASDAQ:GOOGL – Free Report) by 7.5% in the first quarter, according to the company in its most recent disclosure with the SEC. The institutional investor owned…","{'id': None, 'name': 'ETF Daily News'}",https://www.etfdailynews.com/2025/06/18/christensen-king-associates-investment-services-inc-sells-103-shares-of-alphabet-inc-nasdaqgoogl/,"Christensen King & Associates Investment Services Inc. Sells 103 Shares of Alphabet Inc. (NASDAQ:GOOGL) Christensen King & Associates Investment Services Inc. cut its position in shares of Alphabet Inc. (NASDAQ:GOOGL – Free Report) by 7.5% in the first quarter, according to the company in its most recent disclosure with the SEC. The institutional investor owned…",0.6808
2025-06-18 08:45:03+00:00,Hanson & Doremus Investment Management Cuts Position in Alphabet Inc. (NASDAQ:GOOGL),"Hanson & Doremus Investment Management reduced its position in shares of Alphabet Inc. (NASDAQ:GOOGL – Free Report) by 0.4% in the 1st quarter, Holdings Channel.com reports. The institutional investor owned 36,408 shares of the information services provider’s…","{'id': None, 'name': 'ETF Daily News'}",https://www.etfdailynews.com/2025/06/18/hanson-doremus-investment-management-cuts-position-in-alphabet-inc-nasdaqgoogl/,"Hanson & Doremus Investment Management Cuts Position in Alphabet Inc. (NASDAQ:GOOGL) Hanson & Doremus Investment Management reduced its position in shares of Alphabet Inc. (NASDAQ:GOOGL – Free Report) by 0.4% in the 1st quarter, Holdings Channel.com reports. The institutional investor owned 36,408 shares of the information services provider’s…",0.6705
2025-06-18 08:44:59+00:00,Stillwater Capital Advisors LLC Has $24.37 Million Holdings in Alphabet Inc. (NASDAQ:GOOGL),"Stillwater Capital Advisors LLC boosted its stake in Alphabet Inc. (NASDAQ:GOOGL – Free Report) by 0.3% in the 1st quarter, according to the company in its most recent 13F filing with the Securities & Exchange Commission. The firm owned 157,562 shares of the …","{'id': None, 'name': 'ETF Daily News'}",https://www.etfdailynews.com/2025/06/18/stillwater-capital-advisors-llc-has-24-37-million-holdings-in-alphabet-inc-nasdaqgoogl/,"Stillwater Capital Advisors LLC Has $24.37 Million Holdings in Alphabet Inc. (NASDAQ:GOOGL) Stillwater Capital Advisors LLC boosted its stake in Alphabet Inc. (NASDAQ:GOOGL – Free Report) by 0.3% in the 1st quarter, according to the company in its most recent 13F filing with the Securities & Exchange Commission. The firm owned 157,562 shares of the …",0.8481
2025-06-18 08:44:58+00:00,Citadel Investment Advisory Inc. Boosts Position in Alphabet Inc. (NASDAQ:GOOGL),"Citadel Investment Advisory Inc. increased its stake in shares of Alphabet Inc. (NASDAQ:GOOGL – Free Report) by 2.7% during the 1st quarter, Holdings Channel.com reports. The fund owned 51,060 shares of the information services provider’s stock after purchasi…","{'id': None, 'name': 'ETF Daily News'}",https://www.etfdailynews.com/2025/06/18/citadel-investment-advisory-inc-boosts-position-in-alphabet-inc-nasdaqgoogl/,"Citadel Investment Advisory Inc. Boosts Position in Alphabet Inc. (NASDAQ:GOOGL) Citadel Investment Advisory Inc. increased its stake in shares of Alphabet Inc. (NASDAQ:GOOGL – Free Report) by 2.7% during the 1st quarter, Holdings Channel.com reports. The fund owned 51,060 shares of the information services provider’s stock after purchasi…",0.8779
2025-06-18 08:44:53+00:00,PayPay Securities Corp Cuts Stock Holdings in Alphabet Inc. (NASDAQ:GOOGL),"PayPay Securities Corp reduced its position in shares of Alphabet Inc. (NASDAQ:GOOGL – Free Report) by 32.2% in the 1st quarter, according to the company in its most recent 13F filing with the Securities and Exchange Commission. The institutional investor own…","{'id': None, 'name': 'ETF Daily News'}",https://www.etfdailynews.com/2025/06/18/paypay-securities-corp-cuts-stock-holdings-in-alphabet-inc-nasdaqgoogl/,"PayPay Securities Corp Cuts Stock Holdings in Alphabet Inc. (NASDAQ:GOOGL) PayPay Securities Corp reduced its position in shares of Alphabet Inc. (NASDAQ:GOOGL – Free Report) by 32.2% in the 1st quarter, according to the company in its most recent 13F filing with the Securities and Exchange Commission. The institutional investor own…",0.836
2025-06-18 08:44:52+00:00,Conway Capital Management Inc. Has $3.94 Million Holdings in Alphabet Inc. (NASDAQ:GOOGL),"Conway Capital Management Inc. cut its holdings in Alphabet Inc. (NASDAQ:GOOGL – Free Report) by 1.4% during the 1st quarter, according to the company in its most recent disclosure with the SEC. The firm owned 25,465 shares of the information services provide…","{'id': None, 'name': 'ETF Daily News'}",https://www.etfdailynews.com/2025/06/18/conway-capital-management-inc-has-3-94-million-holdings-in-alphabet-inc-nasdaqgoogl/,"Conway Capital Management Inc. Has $3.94 Million Holdings in Alphabet Inc. (NASDAQ:GOOGL) Conway Capital Management Inc. cut its holdings in Alphabet Inc. (NASDAQ:GOOGL – Free Report) by 1.4% during the 1st quarter, according to the company in its most recent disclosure with the SEC. The firm owned 25,465 shares of the information services provide…",0.5267
2025-06-18 08:44:52+00:00,Alphabet Inc. (NASDAQ:GOOGL) is Forefront Wealth Management Inc.’s 10th Largest Position,"Forefront Wealth Management Inc. reduced its stake in shares of Alphabet Inc. (NASDAQ:GOOGL – Free Report) by 1.3% in the first quarter, according to its most recent disclosure with the Securities and Exchange Commission. The firm owned 23,894 shares of the i…","{'id': None, 'name': 'ETF Daily News'}",https://www.etfdailynews.com/2025/06/18/alphabet-inc-nasdaqgoogl-is-forefront-wealth-management-inc-s-10th-largest-position/,"Alphabet Inc. (NASDAQ:GOOGL) is Forefront Wealth Management Inc.’s 10th Largest Position Forefront Wealth Management Inc. reduced its stake in shares of Alphabet Inc. (NASDAQ:GOOGL – Free Report) by 1.3% in the first quarter, according to its most recent disclosure with the Securities and Exchange Commission. The firm owned 23,894 shares of the i…",0.936
2025-06-17 17:12:43+00:00,"Billionaire Adyen Co-Founder Arnout Schuijff Launches Tebi, Secures $34M From Google's CapitalG To Transform Hospitality Tech Across Europe","Tebi, the Amsterdam-based startup founded by Adyen co-founder Arnout Schuijff, announced on June 10 that it raised €30 million ($34 million) in fresh funding led by Alphabet's (NASDAQ:GOOG, GOOGL)) growth fund, CapitalG, to scale its AI-powered platform for h…","{'id': None, 'name': 'Biztoc.com'}",https://biztoc.com/x/4ed8b8c2720b11c8,"Billionaire Adyen Co-Founder Arnout Schuijff Launches Tebi, Secures $34M From Google's CapitalG To Transform Hospitality Tech Across Europe Tebi, the Amsterdam-based startup founded by Adyen co-founder Arnout Schuijff, announced on June 10 that it raised €30 million ($34 million) in fresh funding led by Alphabet's (NASDAQ:GOOG, GOOGL)) growth fund, CapitalG, to scale its AI-powered platform for h…",0.7351
2025-06-17 17:00:25+00:00,"Billionaire Adyen Co-Founder Arnout Schuijff Launches Tebi, Secures $34M From Google's CapitalG To Transform Hospitality Tech Across Europe","Tebi, the Amsterdam-based startup founded by Adyen co-founder Arnout Schuijff, announced on June 10 that it raised €30 million ($34 million) in fresh funding...","{'id': None, 'name': 'Yahoo Entertainment'}",https://finance.yahoo.com/news/billionaire-adyen-co-founder-arnout-170025681.html,"Billionaire Adyen Co-Founder Arnout Schuijff Launches Tebi, Secures $34M From Google's CapitalG To Transform Hospitality Tech Across Europe Tebi, the Amsterdam-based startup founded by Adyen co-founder Arnout Schuijff, announced on June 10 that it raised €30 million ($34 million) in fresh funding...",0.5574
2025-06-17 13:00:52+00:00,D Orazio & Associates Inc. Cuts Stock Position in Alphabet Inc. (NASDAQ:GOOGL),"D Orazio & Associates Inc. lessened its stake in Alphabet Inc. (NASDAQ:GOOGL – Free Report) by 6.1% in the 1st quarter, according to the company in its most recent filing with the SEC. The institutional investor owned 12,748 shares of the information services…","{'id': None, 'name': 'ETF Daily News'}",https://www.etfdailynews.com/2025/06/17/d-orazio-associates-inc-cuts-stock-position-in-alphabet-inc-nasdaqgoogl/,"D Orazio & Associates Inc. Cuts Stock Position in Alphabet Inc. (NASDAQ:GOOGL) D Orazio & Associates Inc. lessened its stake in Alphabet Inc. (NASDAQ:GOOGL – Free Report) by 6.1% in the 1st quarter, according to the company in its most recent filing with the SEC. The institutional investor owned 12,748 shares of the information services…",0.5106
2025-06-17 13:00:52+00:00,"24,451 Shares in Alphabet Inc. (NASDAQ:GOOGL) Purchased by Sfm LLC","Sfm LLC acquired a new position in shares of Alphabet Inc. (NASDAQ:GOOGL – Free Report) in the 1st quarter, according to the company in its most recent disclosure with the Securities and Exchange Commission (SEC). The institutional investor acquired 24,451 sh…","{'id': None, 'name': 'ETF Daily News'}",https://www.etfdailynews.com/2025/06/17/24451-shares-in-alphabet-inc-nasdaqgoogl-purchased-by-sfm-llc/,"24,451 Shares in Alphabet Inc. (NASDAQ:GOOGL) Purchased by Sfm LLC Sfm LLC acquired a new position in shares of Alphabet Inc. (NASDAQ:GOOGL – Free Report) in the 1st quarter, according to the company in its most recent disclosure with the Securities and Exchange Commission (SEC). The institutional investor acquired 24,451 sh…",0.836
2025-06-17 13:00:52+00:00,Alphabet Inc. (NASDAQ:GOOGL) is Optas LLC’s 4th Largest Position,"Optas LLC boosted its stake in shares of Alphabet Inc. (NASDAQ:GOOGL – Free Report) by 0.2% in the 1st quarter, according to the company in its most recent Form 13F filing with the Securities and Exchange Commission (SEC). The firm owned 126,279 shares of the…","{'id': None, 'name': 'ETF Daily News'}",https://www.etfdailynews.com/2025/06/17/alphabet-inc-nasdaqgoogl-is-optas-llcs-4th-largest-position/,"Alphabet Inc. (NASDAQ:GOOGL) is Optas LLC’s 4th Largest Position Optas LLC boosted its stake in shares of Alphabet Inc. (NASDAQ:GOOGL – Free Report) by 0.2% in the 1st quarter, according to the company in its most recent Form 13F filing with the Securities and Exchange Commission (SEC). The firm owned 126,279 shares of the…",0.886
2025-06-17 13:00:51+00:00,Fortis Advisors LLC Grows Stock Holdings in Alphabet Inc. (NASDAQ:GOOGL),"Fortis Advisors LLC boosted its holdings in Alphabet Inc. (NASDAQ:GOOGL – Free Report) by 7.9% during the 1st quarter, HoldingsChannel.com reports. The institutional investor owned 6,548 shares of the information services provider’s stock after purchasing an …","{'id': None, 'name': 'ETF Daily News'}",https://www.etfdailynews.com/2025/06/17/fortis-advisors-llc-grows-stock-holdings-in-alphabet-inc-nasdaqgoogl/,"Fortis Advisors LLC Grows Stock Holdings in Alphabet Inc. (NASDAQ:GOOGL) Fortis Advisors LLC boosted its holdings in Alphabet Inc. (NASDAQ:GOOGL – Free Report) by 7.9% during the 1st quarter, HoldingsChannel.com reports. The institutional investor owned 6,548 shares of the information services provider’s stock after purchasing an …",0.7906
2025-06-17 13:00:48+00:00,Bouvel Investment Partners LLC Decreases Stock Position in Alphabet Inc. (NASDAQ:GOOGL),"Bouvel Investment Partners LLC cut its stake in Alphabet Inc. (NASDAQ:GOOGL – Free Report) by 1.1% in the first quarter, according to the company in its most recent disclosure with the Securities and Exchange Commission. The firm owned 23,787 shares of the in…","{'id': None, 'name': 'ETF Daily News'}",https://www.etfdailynews.com/2025/06/17/bouvel-investment-partners-llc-decreases-stock-position-in-alphabet-inc-nasdaqgoogl/,"Bouvel Investment Partners LLC Decreases Stock Position in Alphabet Inc. (NASDAQ:GOOGL) Bouvel Investment Partners LLC cut its stake in Alphabet Inc. (NASDAQ:GOOGL – Free Report) by 1.1% in the first quarter, according to the company in its most recent disclosure with the Securities and Exchange Commission. The firm owned 23,787 shares of the in…",0.6808
2025-06-17 08:59:03+00:00,"Sound Income Strategies LLC Acquires 2,247 Shares of Alphabet Inc. (NASDAQ:GOOGL)","Sound Income Strategies LLC increased its holdings in Alphabet Inc. (NASDAQ:GOOGL – Free Report) by 5.4% during the 1st quarter, according to its most recent Form 13F filing with the Securities and Exchange Commission (SEC). The fund owned 43,693 shares of th…","{'id': None, 'name': 'ETF Daily News'}",https://www.etfdailynews.com/2025/06/17/sound-income-strategies-llc-acquires-2247-shares-of-alphabet-inc-nasdaqgoogl/,"Sound Income Strategies LLC Acquires 2,247 Shares of Alphabet Inc. (NASDAQ:GOOGL) Sound Income Strategies LLC increased its holdings in Alphabet Inc. (NASDAQ:GOOGL – Free Report) by 5.4% during the 1st quarter, according to its most recent Form 13F filing with the Securities and Exchange Commission (SEC). The fund owned 43,693 shares of th…",0.875
2025-06-17 08:59:02+00:00,MEAG MUNICH ERGO Kapitalanlagegesellschaft mbH Has $63.22 Million Stock Position in Alphabet Inc. (NASDAQ:GOOGL),"MEAG MUNICH ERGO Kapitalanlagegesellschaft mbH lifted its holdings in shares of Alphabet Inc. (NASDAQ:GOOGL – Free Report) by 23.6% in the 1st quarter, according to its most recent filing with the Securities and Exchange Commission. The firm owned 408,819 sha…","{'id': None, 'name': 'ETF Daily News'}",https://www.etfdailynews.com/2025/06/17/meag-munich-ergo-kapitalanlagegesellschaft-mbh-has-63-22-million-stock-position-in-alphabet-inc-nasdaqgoogl/,"MEAG MUNICH ERGO Kapitalanlagegesellschaft mbH Has $63.22 Million Stock Position in Alphabet Inc. (NASDAQ:GOOGL) MEAG MUNICH ERGO Kapitalanlagegesellschaft mbH lifted its holdings in shares of Alphabet Inc. (NASDAQ:GOOGL – Free Report) by 23.6% in the 1st quarter, according to its most recent filing with the Securities and Exchange Commission. The firm owned 408,819 sha…",0.7717
2025-06-17 08:25:00+00:00,Foster Victor Wealth Advisors LLC Has $21.06 Million Stock Position in Alphabet Inc. (NASDAQ:GOOGL),"Foster Victor Wealth Advisors LLC increased its holdings in Alphabet Inc. (NASDAQ:GOOGL – Free Report) by 8.0% in the 1st quarter, Holdings Channel.com reports. The institutional investor owned 133,996 shares of the information services provider’s stock after…","{'id': None, 'name': 'ETF Daily News'}",https://www.etfdailynews.com/2025/06/17/foster-victor-wealth-advisors-llc-has-21-06-million-stock-position-in-alphabet-inc-nasdaqgoogl/,"Foster Victor Wealth Advisors LLC Has $21.06 Million Stock Position in Alphabet Inc. (NASDAQ:GOOGL) Foster Victor Wealth Advisors LLC increased its holdings in Alphabet Inc. (NASDAQ:GOOGL – Free Report) by 8.0% in the 1st quarter, Holdings Channel.com reports. The institutional investor owned 133,996 shares of the information services provider’s stock after…",0.9186
2025-06-17 07:53:01+00:00,Atlas Private Wealth Advisors Acquires 640 Shares of Alphabet Inc. (NASDAQ:GOOGL),"Atlas Private Wealth Advisors grew its holdings in Alphabet Inc. (NASDAQ:GOOGL – Free Report) by 7.8% in the 1st quarter, according to the company in its most recent 13F filing with the SEC. The institutional investor owned 8,794 shares of the information ser…","{'id': None, 'name': 'ETF Daily News'}",https://www.etfdailynews.com/2025/06/17/atlas-private-wealth-advisors-acquires-640-shares-of-alphabet-inc-nasdaqgoogl/,"Atlas Private Wealth Advisors Acquires 640 Shares of Alphabet Inc. (NASDAQ:GOOGL) Atlas Private Wealth Advisors grew its holdings in Alphabet Inc. (NASDAQ:GOOGL – Free Report) by 7.8% in the 1st quarter, according to the company in its most recent 13F filing with the SEC. The institutional investor owned 8,794 shares of the information ser…",0.9201
2025-06-17 07:52:59+00:00,Pinion Investment Advisors LLC Has $5.18 Million Holdings in Alphabet Inc. (NASDAQ:GOOGL),"Pinion Investment Advisors LLC increased its position in shares of Alphabet Inc. (NASDAQ:GOOGL – Free Report) by 100.6% during the first quarter, according to its most recent Form 13F filing with the Securities and Exchange Commission (SEC). The firm owned 33…","{'id': None, 'name': 'ETF Daily News'}",https://www.etfdailynews.com/2025/06/17/pinion-investment-advisors-llc-has-5-18-million-holdings-in-alphabet-inc-nasdaqgoogl/,"Pinion Investment Advisors LLC Has $5.18 Million Holdings in Alphabet Inc. (NASDAQ:GOOGL) Pinion Investment Advisors LLC increased its position in shares of Alphabet Inc. (NASDAQ:GOOGL – Free Report) by 100.6% during the first quarter, according to its most recent Form 13F filing with the Securities and Exchange Commission (SEC). The firm owned 33…",0.8316
2025-06-17 07:52:55+00:00,Alphabet Inc. (NASDAQ:GOOGL) Shares Acquired by Exchange Traded Concepts LLC,"Exchange Traded Concepts LLC lifted its position in shares of Alphabet Inc. (NASDAQ:GOOGL – Free Report) by 9.7% in the 1st quarter, HoldingsChannel reports. The institutional investor owned 790,182 shares of the information services provider’s stock after ac…","{'id': None, 'name': 'ETF Daily News'}",https://www.etfdailynews.com/2025/06/17/alphabet-inc-nasdaqgoogl-shares-acquired-by-exchange-traded-concepts-llc/,"Alphabet Inc. (NASDAQ:GOOGL) Shares Acquired by Exchange Traded Concepts LLC Exchange Traded Concepts LLC lifted its position in shares of Alphabet Inc. (NASDAQ:GOOGL – Free Report) by 9.7% in the 1st quarter, HoldingsChannel reports. The institutional investor owned 790,182 shares of the information services provider’s stock after ac…",0.836
2025-06-17 07:52:53+00:00,Newport Capital Group LLC Raises Stock Holdings in Alphabet Inc. (NASDAQ:GOOGL),"Newport Capital Group LLC increased its position in Alphabet Inc. (NASDAQ:GOOGL – Free Report) by 1.4% in the first quarter, HoldingsChannel.com reports. The fund owned 5,940 shares of the information services provider’s stock after buying an additional 81 sh…","{'id': None, 'name': 'ETF Daily News'}",https://www.etfdailynews.com/2025/06/17/newport-capital-group-llc-raises-stock-holdings-in-alphabet-inc-nasdaqgoogl/,"Newport Capital Group LLC Raises Stock Holdings in Alphabet Inc. (NASDAQ:GOOGL) Newport Capital Group LLC increased its position in Alphabet Inc. (NASDAQ:GOOGL – Free Report) by 1.4% in the first quarter, HoldingsChannel.com reports. The fund owned 5,940 shares of the information services provider’s stock after buying an additional 81 sh…",0.765
2025-06-16 12:32:22+00:00,"Google (GOOGL) Resolves Global Outage That Disrupted Gmail, Cloud, and Partner Apps",,"{'id': None, 'name': 'Yahoo Entertainment'}",https://consent.yahoo.com/v2/collectConsent?sessionId=1_cc-session_0e4f07ce-f418-45c8-8c68-ebc207ed8165,"Google (GOOGL) Resolves Global Outage That Disrupted Gmail, Cloud, and Partner Apps ",0.1779
2025-06-16 09:32:50+00:00,"Matauro LLC Has $675,000 Stock Position in Alphabet Inc. (NASDAQ:GOOGL)","Matauro LLC raised its position in shares of Alphabet Inc. (NASDAQ:GOOGL – Free Report) by 27.1% in the 1st quarter, according to the company in its most recent Form 13F filing with the Securities and Exchange Commission (SEC). The institutional investor owne…","{'id': None, 'name': 'ETF Daily News'}",https://www.etfdailynews.com/2025/06/16/matauro-llc-has-675000-stock-position-in-alphabet-inc-nasdaqgoogl/,"Matauro LLC Has $675,000 Stock Position in Alphabet Inc. (NASDAQ:GOOGL) Matauro LLC raised its position in shares of Alphabet Inc. (NASDAQ:GOOGL – Free Report) by 27.1% in the 1st quarter, according to the company in its most recent Form 13F filing with the Securities and Exchange Commission (SEC). The institutional investor owne…",0.7717
2025-06-16 09:32:48+00:00,Alphabet Inc. (NASDAQ:GOOGL) is Tritonpoint Wealth LLC’s 6th Largest Position,"Tritonpoint Wealth LLC lessened its stake in Alphabet Inc. (NASDAQ:GOOGL – Free Report) by 1.2% in the 1st quarter, according to the company in its most recent filing with the SEC. The institutional investor owned 154,816 shares of the information services pr…","{'id': None, 'name': 'ETF Daily News'}",https://www.etfdailynews.com/2025/06/16/alphabet-inc-nasdaqgoogl-is-tritonpoint-wealth-llcs-6th-largest-position/,"Alphabet Inc. (NASDAQ:GOOGL) is Tritonpoint Wealth LLC’s 6th Largest Position Tritonpoint Wealth LLC lessened its stake in Alphabet Inc. (NASDAQ:GOOGL – Free Report) by 1.2% in the 1st quarter, according to the company in its most recent filing with the SEC. The institutional investor owned 154,816 shares of the information services pr…",0.8979
2025-06-16 08:20:51+00:00,Farmers & Merchants Investments Inc. Boosts Stake in Alphabet Inc. (NASDAQ:GOOGL),"Farmers & Merchants Investments Inc. lifted its holdings in Alphabet Inc. (NASDAQ:GOOGL – Free Report) by 6.9% in the 1st quarter, Holdings Channel reports. The firm owned 178,351 shares of the information services provider’s stock after acquiring an addition…","{'id': None, 'name': 'ETF Daily News'}",https://www.etfdailynews.com/2025/06/16/farmers-merchants-investments-inc-boosts-stake-in-alphabet-inc-nasdaqgoogl/,"Farmers & Merchants Investments Inc. Boosts Stake in Alphabet Inc. (NASDAQ:GOOGL) Farmers & Merchants Investments Inc. lifted its holdings in Alphabet Inc. (NASDAQ:GOOGL – Free Report) by 6.9% in the 1st quarter, Holdings Channel reports. The firm owned 178,351 shares of the information services provider’s stock after acquiring an addition…",0.7783
2025-06-15 09:47:37+00:00,Potential Alphabet (GOOGL) and OpenAI Deal Could Shift Dynamics in AI Race,"Alphabet Inc. (NASDAQ:GOOGL) is one of the 10 best tech stocks to buy according to billionaires right now. On Tuesday, June 10, Reuters reported that OpenAI ...","{'id': None, 'name': 'Yahoo Entertainment'}",https://finance.yahoo.com/news/potential-alphabet-googl-openai-deal-094737884.html,"Potential Alphabet (GOOGL) and OpenAI Deal Could Shift Dynamics in AI Race Alphabet Inc. (NASDAQ:GOOGL) is one of the 10 best tech stocks to buy according to billionaires right now. On Tuesday, June 10, Reuters reported that OpenAI ...",0.743
2025-06-14 00:56:00+00:00,Healthcare Sector Taps AI Boom via Intuitive Surgical Stock (ISRG),"When investors think of artificial intelligence (AI), names like Nvidia (NVDA), Palantir (PLTR), and Alphabet (GOOGL) typically come to mind. But AI’s impact...","{'id': None, 'name': 'Yahoo Entertainment'}",https://finance.yahoo.com/news/healthcare-sector-taps-ai-boom-005600144.html,"Healthcare Sector Taps AI Boom via Intuitive Surgical Stock (ISRG) When investors think of artificial intelligence (AI), names like Nvidia (NVDA), Palantir (PLTR), and Alphabet (GOOGL) typically come to mind. But AI’s impact...",0.4215
2025-06-13 22:18:40+00:00,"Google, Scale AI’s largest customer, plans to split away after Meta deal, sources say","Alphabet’s Google GOOGL-Q, the largest customer of Scale AI, plans to cut ties with Scale after news broke that rival Meta is taking a 49 per cent stake in the AI data-labeling startup, five sources familiar with the matter told Reuters.
Google had planned to…","{'id': None, 'name': 'Biztoc.com'}",https://biztoc.com/x/0e6ae61136dc9060,"Google, Scale AI’s largest customer, plans to split away after Meta deal, sources say Alphabet’s Google GOOGL-Q, the largest customer of Scale AI, plans to cut ties with Scale after news broke that rival Meta is taking a 49 per cent stake in the AI data-labeling startup, five sources familiar with the matter told Reuters.
Google had planned to…",-0.5859
2025-06-13 13:38:34+00:00,Barclays Says Alphabet’s (GOOG) ‘Black Swan Event’ Would Crush Shares 25%,"Key Points
 
 
 
 
Barclays warns that Alphabet (NASDAQ: GOOGL) shares could fall 25% if antitrust litigation forces the company to spin off Chrome, which drives about 30% of its search traffic.
 
 
 
Alphabet faces a second major threat from accelerating ado…","{'id': None, 'name': 'Biztoc.com'}",https://biztoc.com/x/8be37c5e3deeb8b3,"Barclays Says Alphabet’s (GOOG) ‘Black Swan Event’ Would Crush Shares 25% Key Points
 
 
 
 
Barclays warns that Alphabet (NASDAQ: GOOGL) shares could fall 25% if antitrust litigation forces the company to spin off Chrome, which drives about 30% of its search traffic.
 
 
 
Alphabet faces a second major threat from accelerating ado…",-0.4215
2025-06-13 03:11:01+00:00,Alphabet (GOOGL) Reaffirmed as ‘Overweight’ by Morgan Stanley as Google Appoints New Chief AI Architect,,"{'id': None, 'name': 'Yahoo Entertainment'}",https://consent.yahoo.com/v2/collectConsent?sessionId=1_cc-session_da705776-1985-4dec-b487-be0dcde398e2,Alphabet (GOOGL) Reaffirmed as ‘Overweight’ by Morgan Stanley as Google Appoints New Chief AI Architect ,0.0
2025-06-11 23:06:28+00:00,Here's How Much You Would Have Made Owning Alphabet Stock In The Last 15 Years,"Alphabet (NASDAQ:GOOGL) has outperformed the market over the past 15 years by 7.5% on an annualized basis producing an average annual return of 19.35%. Currently, Alphabet has a market capitalization of $2.15 trillion. 
Buying $1000 In GOOGL: If an ...
Full s…","{'id': None, 'name': 'Biztoc.com'}",https://biztoc.com/x/1df71cfed97d059a,"Here's How Much You Would Have Made Owning Alphabet Stock In The Last 15 Years Alphabet (NASDAQ:GOOGL) has outperformed the market over the past 15 years by 7.5% on an annualized basis producing an average annual return of 19.35%. Currently, Alphabet has a market capitalization of $2.15 trillion. 
Buying $1000 In GOOGL: If an ...
Full s…",0.0
2025-06-11 21:48:49+00:00,Google delivers a harsh message to loyal employees,"When it comes to the jobs everyone wants in the tech field, Google (GOOGL) ranks high on most people's wish lists.
When it was first founded in 1998 by Larry Page and Sergey Brin, Google was one of several search engines on the market, alongside Yahoo, Netsca…","{'id': None, 'name': 'Biztoc.com'}",https://biztoc.com/x/1c60b91e3a516f45,"Google delivers a harsh message to loyal employees When it comes to the jobs everyone wants in the tech field, Google (GOOGL) ranks high on most people's wish lists.
When it was first founded in 1998 by Larry Page and Sergey Brin, Google was one of several search engines on the market, alongside Yahoo, Netsca…",0.4902
2025-06-11 20:46:04+00:00,Alphabet (GOOGL) Lands Surprise Win as OpenAI Picks Google Cloud for AI Expansion,"Alphabet Inc. (NASDAQ:GOOGL) is one of the 10 AI Stocks on Wall Street’s Radar. On June 10, Reuters reported that OpenAI is planning to add Alphabet Inc...","{'id': None, 'name': 'Yahoo Entertainment'}",https://finance.yahoo.com/news/alphabet-googl-lands-surprise-win-204604342.html,"Alphabet (GOOGL) Lands Surprise Win as OpenAI Picks Google Cloud for AI Expansion Alphabet Inc. (NASDAQ:GOOGL) is one of the 10 AI Stocks on Wall Street’s Radar. On June 10, Reuters reported that OpenAI is planning to add Alphabet Inc...",0.7096
2025-06-11 17:55:21+00:00,Google offers buyouts to more workers ahead of court decision that could break up its internet empire,"Google GOOGL-Q has offered buyouts to another swath of its workforce across several key divisions in a fresh round of cost cutting coming ahead of a court decision that could order a breakup of its internet empire. The Mountain View, California, company confi…","{'id': None, 'name': 'Biztoc.com'}",https://biztoc.com/x/e4bb78e99db54110,"Google offers buyouts to more workers ahead of court decision that could break up its internet empire Google GOOGL-Q has offered buyouts to another swath of its workforce across several key divisions in a fresh round of cost cutting coming ahead of a court decision that could order a breakup of its internet empire. The Mountain View, California, company confi…",0.2023
2025-06-11 14:02:29+00:00,"Google selected by OpenAI for cloud deal, Reuters reports","In This Article:
Microsoft (MSFT)-backed OpenAI plans to add Google’s (GOOGL) cloud service to meet its growing needs for computing capacity, Reuters’ Kenrick Cai and Krystal Hu report, citing three sources. The deal, which has been under discussion for a few…","{'id': None, 'name': 'Biztoc.com'}",https://biztoc.com/x/ad0e1bc86838cde9,"Google selected by OpenAI for cloud deal, Reuters reports In This Article:
Microsoft (MSFT)-backed OpenAI plans to add Google’s (GOOGL) cloud service to meet its growing needs for computing capacity, Reuters’ Kenrick Cai and Krystal Hu report, citing three sources. The deal, which has been under discussion for a few…",0.1779
